1994,,,,2003,,,,age dependency ratio (older than 64 to 15-64),,,,,India,,,in model,after round,,China,,,in model,after round,,Finland,,,in model,after round
age,total ,percentage,,age,total,percentage,,year,ratio,,,,Age,total,pecentage,500,,,Age,total,pecentage,500,,,Age,total,pecentage,500,
5,"1,259,000",1.20%,,5,"1,197,000",1.09%,,1994,0.2,,,,5,,,,21,,5,,,,14,,5,"63,941",1.55%,7.765801471,8
6,"1,302,000",1.24%,,6,"1,190,000",1.08%,,1995,0.21,,,,6,,,,21,,6,,,,14,,6,"62,274",1.51%,7.563339966,8
7,"1,345,000",1.29%,,7,"1,185,000",1.08%,,1996,0.22,,,,7,,,,20,,7,,,,14,,7,61097,1.48%,7.420390242,7
8,"1,376,000",1.32%,,8,"1,205,000",1.10%,,1997,0.23,,,,8,,,,20,,8,,,,14,,8,"62,616",1.52%,7.60487676,8
9,"1,442,000",1.38%,,9,"1,209,000",1.10%,,1998,0.24,,,,9,,,,19,,9,,,,14,,9,64854,1.58%,7.876687705,8
10,"1,492,000",1.43%,,10,"1,191,000",1.09%,,1999,0.25,,,,10,,,,19,,10,,,,12,,10,66940,1.63%,8.130037854,8
11,"1,508,000",1.44%,,11,"1,212,000",1.10%,,2000,0.26,,,,11,,,,19,,11,,,,12,,11,67583,1.64%,8.208131884,8
12,"1,513,000",1.45%,,12,"1,212,000",1.10%,,2001,0.27,,,,12,,,,18,,12,,,,12,,12,66061,1.60%,8.023281008,8
13,"1,531,000",1.46%,,13,"1,241,000",1.13%,,2002,0.28,,,,13,,,,18,,13,,,,12,,13,64603,1.57%,7.8462031,8
14,"1,600,000",1.53%,,14,"1,264,000",1.15%,,2003,0.29,,,,14,,,,18,,14,,,,12,,14,64445,1.57%,7.827013587,8
15-19,"8,868,000",8.48%,,15-19,"6,997,000",6.38%,,,,,,,15-19,"95,235,909",16.23%,81.12748831,81,,15-19,"99,213,370",11.37%,56.85713096,57,,15-19,"326,747",7.94%,39.68427665,40
20-24,"9,986,000",9.54%,,20-24,"7,859,000",7.16%,,,,,,,20-24,"84,766,745",14.44%,72.2092453,72,,20-24,"127,580,296",14.62%,73.11362972,73,,20-24,"304,794",7.40%,37.01802745,37
25-29,"8,673,000",8.29%,,25-29,"9,106,000",8.30%,,,,,,,25-29,"75,168,135",12.81%,64.03259083,64,,25-29,"124,897,202",14.32%,71.57600403,72,,25-29,"363,105",8.82%,44.10005072,44
30-34,"7,897,000",7.55%,,30-34,"9,701,000",8.84%,,,,,,,30-34,"67,279,771",11.46%,57.31282342,57,,30-34,"94,608,708",10.84%,54.21829438,54,,30-34,"382,159",9.28%,46.41420879,46
35-39,"7,906,000",7.56%,,35-39,"8,468,000",7.72%,,,,,,,35-39,"59,185,729",10.08%,50.41784751,50,,35-39,"89,480,897",10.26%,51.27965192,51,,35-39,"391,066",9.50%,47.49598721,48
40-44,"9,494,000",9.07%,,40-44,"7,859,000",7.16%,,,,,,,40-44,"49,587,559",8.45%,42.24156786,42,,40-44,"82,742,216",9.48%,47.41785317,48,,40-44,"413,152",10.04%,50.1783896,50
45-49,"9,976,000",9.54%,,45-49,"7,929,000",7.23%,,,,,,,45-49,"36,983,471",6.30%,31.50467237,32,,45-49,"57,717,645",6.62%,33.07678895,33,,45-49,"420,464",10.21%,51.0664511,51
50-54,"9,063,000",8.66%,,50-54,"10,013,000",9.13%,,,,,,,50-54,"30,908,896",5.27%,26.32999596,26,,50-54,"45,807,249",5.25%,26.25118727,26,,50-54,"290,788",7.06%,35.31696217,35
55-59,"7,853,000",7.51%,,55-59,"9,170,000",8.36%,,,,,,,55-59,"27,026,379",4.60%,23.02264208,23,,55-59,"42,593,611",4.88%,24.40951778,25,,55-59,"266,433",6.47%,32.3589838,32
60-64,"7,319,000",7.00%,,60-64,"8,304,000",7.57%,,,,,,,60-64,"21,787,139",3.71%,18.55955262,19,,60-64,"36,684,518",4.20%,21.02313876,21,,60-64,"245,204",5.96%,29.7806663,30
65-69,"6,228,000",5.95%,,65-69,"7,405,000",6.75%,,,,,,,65-69,"16,248,705",2.77%,13.8415923,14,,65-69,"28,336,243",3.25%,16.23891497,16,,65-69,"232,011",5.64%,28.17834199,28
70-74,"4,491,000",4.29%,,70-74,"6,359,000",5.80%,,,,,,,70-74,"11,056,270",1.88%,9.418374063,10,,70-74,"20,433,376",2.34%,11.70994529,12,,70-74,188813,4.59%,22.93183205,23
75-79,"3,147,000",3.01%,,75-79,"4,897,000",4.46%,,,,,,,75-79,"6,672,529",1.14%,5.684048424,6,,75-79,"12,813,324",1.47%,7.343051049,7,,75-79,132603,3.22%,16.10498072,16
80-84,"2,245,000",2.15%,,80-84,"3,021,000",2.75%,,,,,,,80-84,"3,337,654",0.57%,2.843207869,3,,80-84,"6,541,768",0.75%,3.74895198,4,,80-84,97364,2.37%,11.82511213,12
85-89,"1,056,000",1.01%,,85-89,"1,699,000",1.55%,,,,,,,85-89,"1,304,761",0.22%,1.111471334,1,,85-89,"2,413,648",0.28%,1.383211763,1,,85-89,46398,1.13%,5.635158296,6
90+,"419,000",0.40%,,90+,"931,000",0.85%,,,,,,,90+,"402,508",0.07%,0.342879733,0,,90+,"615,496",0.07%,0.352728031,0,,90+,15731,0.38%,1.910571041,2
,,,,,,,,,,,,,,,,,,,,,,,,,,,,,
15+ 总人数,104621000,,,15+ 总人数,109718000,,,,,,,,15+ 总人数,586952160,,,500,,15+ 总人数,"872,479,567",,,500,,15+ 总人数,"4,116,832",,,500
,,,,,,,,,,,,,,,,,,,,,,,,,,,,,
,,,,,,,,,,,,,,,,,,,,,,,,,,,,,
,,,,,,,,,,,,,,,,,,,,,,,,,,,,,
1994,https://data.un.org/Data.aspx?d=POP&f=tableCode%3A22%3BcountryCode%3A392,,,,,,,,,,,,https://www.populationpyramid.net/india/1994/,,,,,,https://www.populationpyramid.net/china/1994/,,,,,,,,,,
2003,https://data.un.org/Data.aspx?d=POP&f=tableCode%3A22%3BcountryCode%3A392,,,,,,,,,,,,,,,,,,,,,,,,,,,,
ratio,https://data.worldbank.org/indicator/SP.POP.DPND.OL?end=2006&locations=JP&start=1990,,,,,,,,,,,,,,,,,,,,,,,,,,,,
,,,,,,,,,,,,,comment：,,,,,,comment：,,,,,,,,,,
,,,,,,,,,,,,,5-9,"118,917,525",20.26%,101.300867,101,,5-9,121762077,0.139558657,69.77932871,70,,,,,,
,,,,,,,,,,,,,10-14,"107,695,663",18.35%,91.7414317,92,,10-14,104531206,0.119809346,59.90467282,60,,,,,,