Parameter,Unemployment,GDP Growth,Inflation,Pension Growth
Birth Rate Shift,-0.02 (·),-0.13 (·),+0.09 (·),+0.06 (·)
Lend Rate Shift,+0.10 (·),+0.11 (·),+0.04 (·),-0.11 (·)
Deposit Rate Shift,-0.41 (S),+0.14 (·),+0.18 (·),-0.12 (·)
Consumer Choices,-354.59 (L),+9.35 (L),-1.91 (L),+19.04 (L)
Job Applications,-10.22 (L),+2.46 (L),+0.60 (M),+2.04 (L)
Credit Threshold,-0.07 (·),+0.16 (·),-0.05 (·),-0.11 (·)
Default Tolerance,+0.76 (M),+0.07 (·),-3.36 (L),-0.22 (S)
Debt Repayment Rate,+0.33 (S),+0.31 (S),-1.05 (L),-0.23 (S)
Retirement Ages,+40.40 (L),+1.25 (L),-7.02 (L),+22.71 (L)
